Resort,City,State,Peak elevation (ft),Base elevation (ft),Vertical drop (ft),Skiable acreage,Total trails,Total lifts,Avg annual snowfall (in),Lift ticket (USD)
Afton Alps,Afton,Minnesota,700,350,350,300,50,22,60,28
Pomerelle Mountain Resort,Albion,Idaho,9000,8000,1000,500,24,2,500,45
Sandia Peak,Albuquerque,New Mexico,10378,8678,1700,200,39,5,100,55
Bear Creek Mountain Resort,Allentown,Pennsylvania,1100,590,510,86,21,7,30,60
Grand Targhee Resort ,Alta,Wyoming,10121,7851,2270,2602,99,5,500,98
Discovery,Anaconda,Montana,8158,5770,2388,2200,67,8,150,52
Arctic Valley,Anchorage,Alaska,4000,2500,1500,320,24,3,250,40
Hilltop,Anchorage,Alaska,780,486,294,30,13,3,69,34
Angel Fire Resort [41],Angel Fire,New Mexico,10677,8600,2077,30,80,7,210,84
Bear Valley,Angels Camp,California,8500,6600,1900,1280,67,10,359,105
Kettlebowl Ski Area,Antigo,Wisconsin,1780,1455,325,670,7,5,186,5
Blizzard Mountain,Arco,Idaho,6305,5595,710,670,43,1,186,63
Powers Bluff County Park and Winter Recreation Area,Arpin,Wisconsin,1430,1180,250,670,3,2,186,10
Mount Ashland Ski Area,Ashland,Oregon,7533,6383,1150,220,23,5,265,52
Aspen Highlands,Aspen,Colorado,11678,8040,3638,1010,144,5,300,74
Aspen Mountain,Aspen,Colorado,11212,7945,3267,673,76,8,300,174
Buttermilk,Aspen,Colorado,9900,7870,2030,435,44,8,200,174
Snowmass,Aspen,Colorado,12510,8104,4406,3362,96,17,300,174
Titcomb Mountain,Augusta,Maine,750,400,350,45,16,3,85,17
Beaver Creek,Avon,Colorado,11440,8100,3340,1832,150,24,195,209
Mt. Norquay ,Banff,Alberta,8040,5500,1650,190,28,5,120,59
Sunshine Village ,Banff,Alberta,8954,5440,3514,3358,107,12,360,82
New Hermon Mountain,Bangor,Maine,450,150,300,70,20,3,90,35
Sugar Mountain Resort ,Banner Elk,North Carolina,5300,4100,1200,120,21,8,77,77
Devil's Head Resort,Baraboo,Wisconsin,1420,930,490,268,28,10,55,66
Villa Olivia,Bartlett,Illinois,500,320,180,15,7,7,25,40
Bryce Resort,Basye,Virginia,1750,1250,500,25,8,7,30,67
Mount Ashwabay Ski and Recreation Area,Bayfield,Wisconsin,4484,3277,317,65,13,2,186,26
Mont-Sainte-Anne,BeauprÃ©,Quebec,2625,575,2050,450,65,13,187,65
Eagle Point,Beaver,Utah,10600,9100,1500,650,40,5,400,65
Beech Mountain Resort ,Beech Mountain,North Carolina,5506,4675,831,95,17,8,84,70
Mad River,Bellafontaine,Ohio,1460,1160,300,144,23,12,36,49
Shanty Creek Resort,Bellaire,Michigan,1125,675,450,70,42,8,160,74
Cannonsburg Ski Area,Belmont,Michigan,1100,850,250,100,21,10,100,39
Buena Vista Ski Area,Bemidji,Minnesota,1510,1280,230,30,16,5,78,44
Mt Bachelor ,Bend,Oregon,9065,5700,3365,4318,101,11,462,99
Big Powderhorn Mountain Resort,Bessemer,Michigan,1800,1200,600,253,45,10,214,69
Big Snow Resort (includes Blackjack and Indianhead Mountain),Bessemer,Michigan,1935,1297,638,321,56,17,205,65
Ski Mount Abraham,Bethel,Maine,1990,940,1050,650,44,5,115,49
Bear Mountain,Big Bear Lake,California,8805,7104,1665,198,24,12,100,115
Snow Summit,Big Bear Lake,California,8174,6965,1209,240,30,14,100,115
Baker Mountain,Bingham,Maine,4484,3277,460,670,5,1,186,10
Giants Ridge,Biwabik,Minnesota,1972,1472,500,202,35,7,85,34
Blandford Ski Area,Blandford,Massachusetts,1490,1025,465,55,29,5,70,45
Hyland Hills,Bloomington,Minnesota,1075,900,175,35,13,6,60,35
Appalachian Ski Mountain ,Blowing Rock,North Carolina,4000,3635,365,27,12,5,27,66
Bogus Basin,Boise,Idaho,7582,5800,1800,2600,78,7,200,64
Tamarack,Boise,Idaho,7660,4900,2760,1100,45,6,300,71
Seven Oaks,Boone,Iowa,975,800,175,35,11,4,40,40
Blue Hills Ski Area,Boston,Massachusetts,635,326,309,60,8,4,186,45
Nashoba Valley,Boston,Massachusetts,422,182,240,59,17,9,55,60
Bottineau Winter Park,Bottineau,North Dakota,2450,2270,180,40,8,6,13,35
Boyne Mountain,Boyne City,Michigan,1120,620,500,41,60,10,140,102
Big Sky Resort,Bozeman,Montana,11166,6800,4350,5800,317,36,400,170
Bridger Bowl,Bozeman,Montana,8700,6100,2600,2000,75,11,350,63
Living Memorial Park,Brattleboro,Vermont,1126,922,204,8,2,1,186,5
Breckenridge Ski Resort,Breckenridge,Colorado,12998,9600,3398,2908,187,34,353,189
Bretton Woods,Bretton Woods,New Hampshire,3100,1600,1500,464,62,10,200,96
Brian Head,Brian Head,Utah,11307,9600,1548,650,14,8,370,45
Shawnee Peak,Bridgton,Maine,4484,3277,1300,245,44,6,110,75
Mount Brighton,Brighton,Michigan,1330,1100,230,130,26,13,60,64
Ski Bromont,Bromont,Quebec,1854,590,1264,450,141,9,190,54
Christie Mountain,Bruce,Wisconsin,1650,1300,350,45,30,5,48,40
Holiday Valley,Buffalo,New York,2250,1500,750,290,58,13,180,85
Buck Hill,Burnsville,Minnesota,1211,949,262,45,16,9,60,47
Caberfae Peaks,Cadillac,Michigan,1569,1060,485,200,34,5,140,59
Camden Snow Bowl,Camden,Maine,1080,235,845,100,17,3,50,33
Campton Mountain,Campton,New Hampshire,1505,1192,313,670,43,2,186,20
Sugarloaf,Carrabassett Valley,Maine,4237,1417,2820,1153,154,14,200,105
Hogadon,Casper,Wyoming,8000,7370,630,60,27,2,140,48
Snowy Range,Centennial,Wyoming,9663,8798,865,250,27,5,245,49
Chipmunk Hill,Challis,Idaho,4484,3277,1178,30,1,1,186,5
Mount McSauba,Charlevoix,Michigan,650,400,150,80,10,4,186,18
Wintergreen,Charlottesville,Virginia,3515,2512,1003,129,26,5,35,94
Sasquatch Mountain,Chehalis,British Columbia,4484,3277,1100,300,43,7,186,63
Echo Valley,Chelan,Washington,3900,3000,900,70,6,4,186,30
Cockaigne Resort,Cherry Creek,New York,2,1592,430,100,11,3,175,50
Alpine Valley,Chesterland,Ohio,1500,1260,240,72,11,5,120,44
Teton Pass,Choteau,Montana,7200,6190,1010,114,26,2,250,45
Arrowhead Recreation Area,Claremont,New Hampshire,4484,3277,120,225,9,2,186,9
Mount Sunapee Resort,Claremont,New Hampshire,2743,1230,1513,230,66,11,100,79
White Hills Ski Resort,Clarenville,Newfoundland and Labrador,1227,482,745,55,27,2,100,38
Pine Knob,Clarkston,Michigan,1308,1009,300,80,14,6,186,47
Blue Knob All Seasons Resort,Claysburg,Pennsylvania,3146,2074,1072,100,34,6,120,70
Whitetail Resort,Clear Spring,Pennsylvania,1800,865,935,109,25,9,40,64
Sleeping Giant,Cody,Wyoming,7428,6619,810,184,49,3,310,42
Silver Mountain,Coeur d'Alene,Idaho,6297,4100,2197,1600,67,8,300,58
Pine Creek,Cokeville,Wyoming,8200,6875,1325,370,30,2,150,45
Buffalo Ski Center,Colden,New York,3429,2025,500,225,43,6,186,50
Blue Mountain,Collingwood,Ontario,1483,741,742,250,34,15,109,67
Big Creek,Concord,Ohio,1466,1292,174,23,5,2,102,63
Mount Eyak,Cordova,Alaska,1200,400,800,100,10,2,350,30
Mohawk Mountain,Cornwall,Connecticut,1600,960,640,107,25,8,24,67
Cottonwood Butte,Cottonwood,Idaho,5730,4885,845,260,7,2,45,20
Mount Washington Alpine Resort,Courtenay,British Columbia,4484,3277,1663,1700,43,7,432,63
Crested Butte,Crested Butte,Colorado,12170,9115,3055,1547,121,16,300,113
Ragged Mountain Resort,Danbury,New Hampshire,2250,1000,1250,250,57,6,100,87
Ski Bluewood,Dayton,Washington,5670,4454,1216,530,24,3,300,50
Sleepy Hollows Sports Park,Des Moines,Iowa,938,800,138,80,8,2,186,25
Detroit Mountain,Detroit Lakes,Minnesota,1607,1443,210,45,21,8,186,42
Maverick Mountain,Dillon,Montana,8820,6800,2020,170,24,2,200,39
Mount Snow ,Dover,Vermont,3600,1900,1700,600,86,20,156,118
Trollhaugen,Dresser,Wisconsin,1200,920,280,86,24,10,50,55
Canaan Valley Resort,Dryfork,West Virginia,4280,3430,850,91,39,4,150,68
Sundown Mountain,Dubuque,Iowa,1059,584,475,55,21,6,45,46
Chester Bowl Park,Duluth,Minnesota,875,700,175,6,5,1,100,15
Spirit Mountain,Duluth,Minnesota,1298,620,678,175,22,8,90,59
Chapman Ski Hill,Durango,Colorado,7297,6522,775,7,1,2,71,15
Hesperus,Durango,Colorado,8888,8200,688,60,26,1,150,39
Purgatory Resort,Durango,Colorado,10822,8793,2029,1200,85,10,260,99
Shawnee Mountain Ski Area,East Stroudsburg,Pennsylvania,1351,700,651,125,23,9,50,68
Meany Lodge,Easton,Washington,4484,3277,450,54,32,1,186,40
Powder Mountain,Eden,Utah,9422,6900,2205,8464,167,9,500,95
Mount Pleasant of Edinboro,Edinboro,Pennsylvania,1550,1200,350,35,10,2,150,33
Alpine Valley Resort,Elkhorn,Wisconsin,1040,820,220,90,20,12,80,53
Elko Snobowl,Elko,Nevada,6988,6338,650,60,10,2,24,20
Whaleback Mountain,Enfield,New Hampshire,1800,1100,700,85,30,4,110,45
Crystal Mountain,Enumclaw,Washington,7012,3912,3100,2600,57,12,350,96
Peek'n Peak Resort,Erie,New York,1800,1400,400,130,27,9,105,64
Echo Mountain,Evergreen,Colorado,10650,10050,600,226,13,2,275,55
Yawgoo Valley,Exeter,Rhode Island,310,70,240,36,14,3,39,50
Toggenburg Mountain Ski Center,Fabius,New York,2000,1300,700,85,22,5,130,57
Moose Mountain,Fairbanks,Alaska,1985,685,1300,200,40,0,70,40
Mount Aurora Skiland,Fairbanks,Alaska,2435,1408,1027,530,46,2,186,40
Soldier Mountain,Fairfield,Idaho,7177,5756,1400,1180,36,2,186,45
Saddleback Maine,Farmington,Maine,4120,2120,2000,485,66,5,200,63
Four Season Ski Center,Fayetteville,New York,604,545,59,12,4,2,186,24
Fernie Alpine Resort,Fernie,British Columbia,7000,3450,3550,2500,142,10,360,90
Arizona Snowbowl,Flagstaff,Arizona,11500,9200,2300,777,40,7,260,99
Keyes Peak Ski Hill,Florence,Wisconsin,1480,1250,230,670,5,2,60,12
Whitetail Ridge Ski Area,Fort McCoy,Wisconsin,1050,865,185,670,43,1,186,37
Cannon Mountain Ski Area,Franconia,New Hampshire,4180,1850,2330,265,73,10,160,82
Veterans Memorial Recreation Area,Franklin,New Hampshire,4484,3277,220,670,10,2,186,63
Apple Mountain,Freeland,Michigan,820,600,220,80,12,6,52,63
Copper Mountain (Colorado) ,Frisco,Colorado,12313,9712,2601,2450,126,22,282,190
Chestnut Mountain,Galena,Illinois,1020,600,420,220,19,9,34,60
Ober Gatlinburg,Gatlinburg,Tennessee,3300,2700,600,38,10,4,9,65
Otsego Club and Resort,Gaylord,Michigan,1380,1080,300,160,30,5,150,65
Treetops Resort,Gaylord,Michigan,1345,1120,225,80,23,5,175,43
Loveland Ski Area,Georgetown,Colorado,13010,10800,2210,1800,94,11,422,89
Liberty Mountain Resort,Gettysburg,Pennsylvania,1190,570,620,100,22,9,31,105
Winterplace,Ghent,West Virginia,3600,2997,603,90,28,9,100,72
Alyeska Resort ,Girdwood,Alaska,3939,250,2500,1400,73,9,643,89
Mt Baker ,Glacier,Washington,5089,3500,1589,1000,31,10,641,63
The Homestead,Glen Arbor,Michigan,900,580,320,16,15,5,150,39
Gore Mountain Ski Resort,Glens Falls,New York,3600,1000,2600,428,109,15,150,94
West Mountain,Glens Falls,New York,1470,460,1010,124,30,7,80,79
Kissing Bridge,Glenwood,New York,1700,1150,550,700,39,10,120,65
Sunlight Mountain,Glenwood Springs,Colorado,9895,7885,2010,470,67,3,250,55
Timber Ridge,Gobles,Michigan,850,650,200,50,16,8,186,45
Kicking Horse Resort,Golden,British Columbia,8218,3900,4314,3486,120,3,295,73
Mount Hood Skibowl,Government Camp,Oregon,5027,3500,1527,960,65,9,300,55
Summit Ski Area,Government Camp,Oregon,4306,4000,306,70,3,2,150,38
Timberline Lodge,Government Camp,Oregon,8540,4850,3620,1430,35,9,540,85
Granby Ranch,Granby,Colorado,9202,8202,1000,406,40,5,220,84
Mulligan's Hollow Ski Bowl,Grand Haven,Michigan,700,570,130,10,7,5,60,20
Powderhorn Resort,Grand Junction,Colorado,9850,8200,1650,1600,63,5,250,71
Mount Itasca,Grand Rapids,Minnesota,4484,3277,1178,670,43,7,186,20
Snowhaven,Grangeville,Idaho,5600,5200,400,40,9,2,60,19
Catamount Ski Area,Great Barrington,New York,2000,1000,1000,119,36,7,75,30
Ski Butternut,Great Barrington,Massachusetts,1764,645,1119,110,22,10,115,65
Showdown,Great Falls,Montana,8200,6800,1400,640,36,4,240,49
Triangle Sports Area,Green Bay,Wisconsin,710,640,70,670,2,3,186,5
Berkshire East,Greenfield,Massachusetts,1720,540,1180,180,45,6,120,69
Big Squaw Mountain,Greenville,Maine,2920,1300,1620,1216,33,1,136,30
Willard Mountain,Greenwich,New York,1415,910,505,50,16,5,80,47
Sunrise Park,Greer,Arizona,11100,9200,1900,800,65,9,250,78
Swain Resort,Grove,New York,1970,1320,650,130,35,5,120,65
Cranor Hill,Gunnison,Colorado,8500,8100,400,45,4,1,75,17
Rotarun,Hailey,Idaho,5895,5420,475,670,12,1,186,20
Lost Trail Powder Mountain,Hamilton,Montana,8200,6400,1800,1800,60,8,325,46
Middlebury College Snow Bowl,Hancock,Vermont,2720,1720,1000,110,17,3,250,60
Mont Ripley Ski Area,Hancock,Michigan,1140,700,440,112,25,4,275,52
Boyne Highlands Resort,Harbor Springs,Michigan,1290,745,545,435,55,10,140,75
Nub's Nob Ski Area,Harbor Springs,Michigan,1338,911,427,248,53,10,123,88
Snow Snake Mountain Ski Area,Harrison,Michigan,1230,1020,210,40,12,6,186,35
Massanutten Resort,Harrisonburg,Virginia,2925,1750,1110,70,13,7,35,79
Ski Sundown,Hartford,Connecticut,1075,450,625,70,16,5,45,62
Ski Bradford,Haverhill,Massachusetts,272,24,248,48,15,10,186,58
Bear Paw Ski Bowl,Havre,Montana,5280,4200,1080,80,11,2,140,20
Great Divide,Helena,Montana,7210,5880,1330,1500,140,6,180,48
Pats Peak Ski Area,Henniker,New Hampshire,1460,690,770,103,28,11,100,75
Hidden Valley Resort,Hidden Valley,Pennsylvania,2875,2405,470,110,26,11,140,61
Homewood,Homewood,California,7881,6223,1658,1260,60,7,400,139
Copper Spur,Hood River,Oregon,4350,4000,350,50,10,4,100,39
Homestead Resort,Hot Springs,Virginia,3200,2500,700,45,10,2,50,35
Hunter Mountain,Hunter,New York,3200,1600,1600,240,58,10,120,91
Snowbasin,Huntsville,Utah,9350,6391,2959,3000,104,11,350,99
Kelly Canyon,Idaho Falls,Idaho,6600,5600,1000,640,26,5,200,42
Diamond Peak,Incline Village,Nevada,8540,6700,1840,655,30,6,225,99
Panorama Mountain Resort,Invermere,British Columbia,7792,3773,4019,2847,120,10,196,92
Pine Mountain Resort,Iron Mountain,Michigan,1650,1150,500,220,31,4,60,49
Mount Zion Ski Hill,Ironwood,Michigan,1400,1100,300,20,9,2,186,25
Black Mountain Ski Area,Jackson,New Hampshire,2350,1250,1100,143,40,5,125,62
Snow King,Jackson,Wyoming,7808,6237,1571,400,32,5,175,59
Wildcat Mountain,Jackson,New Hampshire,4062,1950,2112,225,48,5,207,120
Marmot Basin ,Jasper,Alberta,8570,5570,3000,1675,86,8,160,105
Jay Peak,Jay,Vermont,3968,1815,2153,385,79,9,350,89
Spruce Mountain Ski Slope,Jay,Maine,310,10,300,670,12,3,186,25
Smuggler's Notch,Jeffersonville,Vermont,3640,1030,2610,1000,78,16,288,82
Royal Mountain Ski Area,Johnstown,New York,1800,1250,550,35,14,3,90,45
Ferguson Ridge,Joseph,Oregon,5840,5200,640,170,8,2,300,20
June Mountain,June Lake,California,10090,7545,2590,500,35,7,250,119
Eaglecrest,Juneau,Alaska,2750,1130,1620,640,34,4,350,58
Blacktail Mountain,Kalispell,Montana,6780,5340,1440,1000,26,4,250,42
Whitefish Mountain Resort,Kalispell,Montana,6817,4464,2353,3000,105,14,300,83
Harper Mountain,Kamloops,British Columbia,4484,3277,1400,400,43,7,156,63
Sun Peaks Resort,Kamloops,British Columbia,6824,3930,2894,4270,135,12,237,74
Nakiska,Kananaskis,Alberta,7415,5003,2412,1021,79,6,100,63
Granite Gorge,Keene,New Hampshire,1325,935,390,150,19,3,186,49
Big White Ski Resort ,Kelowna,British Columbia,7606,4950,2656,2800,118,16,294,76
Andes Tower Hills,Kensington,Minnesota,1620,1330,290,35,15,6,55,45
Kewaunee Winter Park,Kewaunee,Wisconsin,740,580,160,670,5,1,186,15
Arapahoe Basin,Keystone,Colorado,13050,10520,2530,1428,147,9,350,109
Keystone Resort,Keystone,Colorado,12408,9280,3128,3148,131,20,235,169
Killington Ski Resort,Killington,Vermont,4241,1165,3050,1509,155,21,250,125
Pico Mountain,Killington,Vermont,3967,2000,1967,468,57,7,250,85
Powder Ridge,Kimball,Minnesota,850,540,310,60,15,6,45,50
Kimberley Alpine Resort,Kimberley,British Columbia,4484,3277,2464,1800,43,7,160,63
Belleyare Ski Center,Kingston,New York,3429,2024,1405,173,52,8,141,80
Kirkwood,Kirkwood,California,9800,7800,2000,2300,86,15,500,119
Mount La Cross,La Crosse,Wisconsin,1010,594,516,100,19,4,40,58
Ski Big Bear,Lackawaxen,Pennsylvania,1250,600,650,26,18,7,69,64
Gunstock Mountain Resort,Laconia,New Hampshire,2267,867,1400,227,55,6,120,84
Lake City,Lake City,Colorado,8850,8600,250,14,7,1,186,20
Grand Geneva Resort and Spa,Lake Geneva,Wisconsin,1000,789,211,30,20,5,25,55
Lake Louise Mountain Resort ,Lake Louise,Alberta,8650,5400,3250,4200,139,9,180,84
Whiteface Mountain,Lake Placid,New York,4650,1220,3430,314,87,11,168,104
China Peak,Lakeshore,California,8709,7030,1673,1200,45,11,300,99
Warner Canyon,Lakeview,Oregon,6003,5271,732,200,21,1,50,35
Mount Prospect Ski Tow,Lancaster,New Hampshire,1700,1400,300,670,43,1,186,7
Lee Canyon (Ski and Snowboard Resort),Las Vegas,Nevada,11289,8510,860,385,27,3,161,79
Perfect North Slopes,Lawrenceburg,Indiana,800,400,400,100,23,11,23,52
Terry Peak,Lead,South Dakota,7064,5930,1134,450,30,4,150,59
Cooper ,Leadville,Colorado,11700,10500,1200,470,60,5,260,70
Leavenworth Ski Hill,Leavenworth,Washington,1706,1476,230,17,2,2,186,22
Storrs Hill Ski Area,Lebanon,New Hampshire,580,280,300,20,3,1,186,15
Mount Jefferson,Lee,Maine,775,343,432,160,13,2,75,25
Roundtop Mountain Resort,Lewisberry,Pennsylvania,1335,755,600,103,20,7,30,73
Black Mountain of Maine,Lewiston,Maine,2380,1000,1380,300,46,2,120,45
Lost Valley,Lewiston,Maine,480,240,240,45,27,4,99,60
Turner Mountain,Libby,Montana,5952,3842,2110,1000,22,1,200,38
Laurel Mountain Ski Resort,Ligonier,Pennsylvania,2800,2000,800,70,20,2,186,58
Kanc Recreation Area,Lincoln,New Hampshire,1080,859,221,7,2,1,186,5
Loon Mountain Resort,Lincoln,New Hampshire,3050,950,2100,370,61,12,163,104
Mt. Eustis Ski Hill,Littleton,New Hampshire,1373,1133,240,670,43,1,186,5
Beaver Mountain,Logan,Utah,8800,7200,1600,667,47,5,400,50
Magic Mountain,Londonderry,Vermont,2850,1350,1500,205,51,6,150,74
Pajarito Mountain Ski Area ,Los Alamos,New Mexico,10440,9000,1440,750,44,5,163,59
Okemo Mountain,Ludlow,Vermont,3344,1144,2200,632,119,19,200,119
Lutsen Mountains,Lutsen,Minnesota,1688,825,863,1000,95,9,115,86
Dartmouth Skiway,Lyme,New Hampshire,1943,975,968,104,30,4,100,53
Lyndon Outing Club,Lyndon,Vermont,1247,814,433,32,10,2,186,15
Burke Mountain,Lyndonville,Vermont,3267,1210,2011,178,50,6,217,75
King Pine Ski Area,Madison,New Hampshire,850,500,350,48,17,6,120,59
Cataloochee Ski Area ,Maggie Valley,North Carolina,5400,4660,740,50,18,5,24,72
Campgaw Mountain,Mahwah,New Jersey,726,450,276,23,12,5,45,41
Titus Mountain Family Ski Center,Malone,New York,2025,825,1200,380,50,10,150,49
Mammoth Mountain,Mammoth Lakes,California,11053,7953,3100,3500,150,28,420,179
Bromley Mountain Resort,Manchester,Vermont,3284,1950,1334,178,47,9,168,92
Crotched Mountain Ski and Ride,Manchester,New Hampshire,2066,1050,1016,75,23,5,105,71
McIntyre Ski Area,Manchester,New Hampshire,510,340,169,37,10,5,186,42
Huff Hills,Mandan,North Dakota,2150,1725,425,670,21,3,40,35
Mount Kato,Mankato,Minnesota,840,600,240,55,19,11,50,49
Manning Park,Manning Park,British Columbia,4484,3277,1417,140,43,7,296,63
Snow Trails,Mansfield,Ohio,1475,1175,300,80,17,7,52,52
Snowshoe Mountain,Marlinton,West Virginia,4848,3348,1500,244,60,14,180,109
Marquette Mountain Ski Area,Marquette,Michigan,1257,800,457,169,25,4,117,54
Wolf Ridge Ski Resort ,Mars Hill,North Carolina,4700,4000,700,65,15,4,65,65
Brundage Mountain,McCall,Idaho,7803,5882,1921,1920,46,5,320,73
Wisp Ski Resort,McHenry,Maryland,3115,2145,700,132,34,12,100,49
Cloudmont Resort,Mentone,Alabama,1800,1650,150,9,2,2,0,40
Bruce Mound Winter Sports Area,Merrillan,Wisconsin,1375,1000,375,40,12,5,42,26
Powder Ridge,Middlefield,Connecticut,803,377,426,80,19,7,60,49
The Rock Snowpark,Milwaukee,Wisconsin,925,700,225,75,10,5,186,36
Montana Snowbowl,Missoula,Montana,7600,5000,2600,950,39,4,300,52
Mount Bohemia,Mohawk,Michigan,1500,600,900,585,102,2,273,74
Snowstar Winter Sports Park,Moline,Illinois,790,528,262,28,14,6,38,41
Mont Tremblant Resort,Mont Tremblant,Quebec,2870,750,2120,627,95,14,156,70
Holiday Mountain,Monticello,New York,1550,1150,400,37,9,4,50,42
Ski Sawmill Resort,Morris,Pennsylvania,2215,1700,515,15,14,5,24,48
Red Hill Ski Area,Moultonborough,New Hampshire,820,610,210,670,9,1,186,63
Mount Baldy Ski Lifts,Mount Baldy,California,8600,6500,2100,800,26,4,170,99
Tyrol Basin,Mount Horeb,Wisconsin,1130,870,260,30,16,6,41,48
Mount Shasta Ski Park,Mount Shasta,California,9200,7800,1435,425,32,4,275,69
Four Lakes Alpine Snowsports,Naperville,Illinois,500,400,100,9,7,6,24,28
Eldora Mountain Resort ,Nederland,Colorado,10600,9400,1200,680,53,12,300,129
Whitewater Ski Resort,Nelson,British Columbia,6709,4665,2044,1180,46,4,472,63
Sunday River,Newry,Maine,3140,800,2340,870,153,18,155,109
Mount Ski Gull,Nisswa,Minnesota,1515,1285,230,40,10,5,50,39
Donner Ski Ranch,Norden,California,7781,7031,750,435,52,8,400,79
Sugar Bowl,Norden,California,8383,6883,1500,1500,94,13,500,121
The Summit at Snoqualmie,North Bend,Washington,5420,2610,2280,1914,62,27,435,58
Attitash Mountain Resort,North Conway,New Hampshire,2350,600,1750,311,68,9,120,56
Cranmore Mountain Resort,North Conway,New Hampshire,2000,600,1200,200,54,10,150,89
Anthony Lakes,North Powder,Oregon,8000,7100,900,1100,21,3,300,40
Grouse Mountain ,North Vancouver,British Columbia,4039,899,1198,212,26,5,120,58
Mount Seymour ,North Vancouver,British Columbia,4150,935,1083,200,23,5,394,51
Norway Mountain Resort,Norway,Michigan,1335,835,500,186,17,6,100,45
Willamette Pass,Oakridge,Oregon,6683,5120,1563,555,29,6,430,60
Nordic Valley,Ogden,Utah,6400,5440,960,140,23,4,300,45
McCauley Mountain Ski Center,Old Forge,New York,2280,1647,633,70,21,5,200,35
Mount Baldy Ski Area,Oliver,British Columbia,4484,3277,1293,600,43,7,256,63
Mount Crescent,Omaha,Iowa,1500,1200,300,50,11,2,30,39
Porcupine Mountains Ski Area,Ontonagon,Michigan,1360,720,640,200,19,3,186,45
Otis Ridge Ski Camp,Otis,Massachusetts,1700,1300,400,55,11,5,70,40
Bittersweet Ski Resort,Otsego,Michigan,850,450,400,100,20,12,90,50
Lee's Ski Hill,Ouray,Colorado,7867,7792,75,2,1,1,134,63
Wolf Creek Ski Area,Pagosa Springs,Colorado,11904,10300,1604,1600,77,7,465,76
Blue Mountain Ski Area,Palmerton,Pennsylvania,1540,458,1082,164,39,13,33,70
Paoli Peaks,Paoili,Indiana,900,600,300,65,17,8,18,45
Deer Valley,Park City,Utah,9570,6570,3000,2026,100,21,280,209
Park City Mountain Resort,Park City,Utah,10000,6900,3100,7300,348,41,360,179
Thunder Ridge Ski Area,Patterson,New York,1270,670,600,90,21,7,186,57
Boston Mills/Brandywine,Peninsula,Ohio,871,531,240,79,18,16,54,44
Apex Mountain Resort,Penticton,British Columbia,7197,5197,2000,1112,79,4,236,65
Le Massif,Petite-RiviÃ¨re-Saint-FranÃ§ois,Quebec,2645,118,2527,410,48,4,248,61
Petoskey Winter Sports Park,Petoskey,Michigan,790,720,70,670,43,1,186,63
Bald Mountain,Pierce,Idaho,4800,4000,800,140,16,2,100,20
Castle Mountain Resort ,Pincher Creek,Alberta,7463,4630,2833,3592,94,6,354,71
White Pine,Pinedale,Wyoming,9500,8450,1050,350,27,2,150,50
Bosquet Ski Area,Pittsfield,Massachusetts,1818,1068,750,200,23,5,83,47
Jiminy Peak,Pittsfield,Massachusetts,2375,1125,1140,170,45,8,110,84
Beartown Ski Area,Plattburgh,New York,1000,850,150,32,9,2,186,22
Boyce Park Four Seasons Lodge,Plum,Pennsylvania,1245,1115,130,25,9,5,186,28
Nutt Hill Ski Area,Plymouth,Wisconsin,4484,3277,100,10,2,1,186,63
Tenney Mountain Resort,Plymouth,New Hampshire,2149,749,1400,110,45,3,140,59
Pebble Creek,Pocatello,Idaho,8560,6360,2200,1100,54,3,250,52
Suicide Six,Pomfret,Vermont,1200,550,650,100,23,3,110,79
Hurricane Ridge,Port Angeles,Washington,5500,4800,700,670,10,3,400,37
Cascade Mountain,Portage,Wisconsin,1270,820,450,175,47,11,56,66
Standing Rocks County Park and Winter Recreation Area,Portage,Wisconsin,4484,3277,125,670,5,1,186,16
Mount Hood Meadows ,Portland,Oregon,7300,4523,2777,2150,85,11,430,79
Powderhouse Hill,Portland,Maine,240,120,120,670,3,1,186,5
Big Rock,Presque Isle,Maine,1590,670,920,60,27,3,100,40
Sundance Mountain,Provo,Utah,8250,6100,2150,450,44,5,320,90
Canyon Ski Area,Red Deer,Alberta,2950,2412,538,80,23,6,45,35
Beartooth Basin Summer Ski Area,Red Lodge,Montana,10900,9900,1000,600,9,2,186,45
Red Lodge Mountain,Red Lodge,Montana,9416,7016,2400,1635,70,7,250,69
Red River,Red River,New Mexico,10350,8750,1600,209,64,7,214,82
Welch Village,Red Wing,Minnesota,1060,700,360,140,60,11,45,62
Mt. Rose Ski Tahoe,Reno,Nevada,9700,8260,1800,1200,60,8,396,135
Revelstoke Mountain Resort,Revelstoke,British Columbia,7300,1680,5620,3121,75,5,413,119
Camp 10 Ski Area,Rhinelander,Wisconsin,1740,1510,230,670,15,4,186,38
Cherry Peak,Richmond,Utah,7050,5775,1265,200,29,3,322,40
Cochran's Ski Area,Richmond,Vermont,950,600,350,15,8,3,150,19
Bristol Mountain Ski Resort,Rochester,New York,2150,1000,1150,160,35,6,130,79
Woods Valley Ski Area,Rome,New York,1400,900,500,25,21,6,180,39
Red Mountain Resort ,Rossland ,British Columbia,6807,3887,2919,4200,110,7,300,74
Plattekill Mountain,Roxbury,New York,3500,2400,1100,110,38,4,175,68
Ski Apache,Ruidoso,New Mexico,11500,9600,1900,750,55,8,185,74
Snow Valley Mountain Resort,Running Springs,California,7841,6800,1041,240,29,12,150,72
Monarch,Salida,Colorado,11960,10790,1170,800,63,5,400,94
Salmo Ski Area,Salmo,British Columbia,4484,3277,1120,670,43,7,120,63
Alta Ski Area ,Salt Lake City,Utah,10550,8530,2020,2200,116,10,560,125
Brighton Ski Resort ,Salt Lake City,Utah,10500,8755,1745,1500,66,6,500,99
Snowbird ,Salt Lake City,Utah,10992,7760,3240,2500,85,13,500,145
Solitude Mountain,Salt Lake City,Utah,10488,7988,2500,1200,80,8,500,115
Schweitzer,Sandpoint,Idaho,6400,4000,2400,2900,92,7,300,86
Ski Santa Fe ,Santa Fe,New Mexico,12075,10350,1725,660,83,7,225,84
Sapphire Valley Ski Area ,Sapphire,North Carolina,3400,3200,200,8,3,3,24,45
Mount Pisgah Ski Area,Saranac Lake,New York,2060,1770,290,15,5,1,186,15
Searchmont,"Sault Ste. Marie, Ontario",Ontario,912,1470,700,100,21,4,132,59
Maple Ski Ridge,Schenectady,New York,1200,750,450,25,10,3,186,39
Spring Mountain Adventure,Schwenksville,Pennsylvania,528,78,450,45,9,6,20,48
Camelback Mountain Resort,Scranton,Pennsylvania,2130,1330,800,166,35,16,50,78
Elk Mountain Ski Resort,Scranton,Pennsylvania,2667,1742,925,180,27,7,60,69
Montage Mountain Resorts,Scranton,Pennsylvania,1960,960,1000,140,26,9,60,58
Seven Springs Mountain Resort,Seven Springs,Pennsylvania,2994,2240,750,285,40,14,150,76
Navarino Hills,Shiocton,Wisconsin,885,785,100,670,43,4,186,63
Ski Ward,Shrewsbury,Massachusetts,420,210,210,45,9,6,80,55
Kendall Mountain,Silverton,Colorado,9540,9300,240,16,11,1,200,20
Silverton Mountain,Silverton,Colorado,13487,10400,3087,1819,48,1,450,79
Great Bear Ski Valley,Sioux Falls,South Dakota,1530,1352,178,220,14,4,150,29
Hoodoo,Sisters,Oregon,5703,4668,1035,806,32,5,360,56
Little Switzerland Ski Area,Slinger,Wisconsin,1269,1069,200,50,18,8,45,43
Boreal,Soda Springs,California,7700,7200,500,380,41,8,400,74
Soda Springs,Soda Springs,California,7325,6673,652,200,15,2,400,50
Brantling Ski Slopes,Sodus,New York,850,600,250,20,10,5,110,32
Dodge Ridge,Sonora,California,8200,6600,1600,832,62,12,300,79
Heavenly Mountain Resort ,South Lake Tahoe,California,10067,7200,3500,4800,94,30,360,164
Oak Mountain,Speculator,New York,2400,1650,750,46,22,4,120,40
49 Degrees North,Spokane,Washington,5774,3923,1851,2325,82,6,300,62
Mount Spokane,Spokane,Washington,5889,3818,2071,1704,52,8,300,62
Hard'ack Recreation Area,St. Albans,Vermont,4484,3277,100,670,43,1,186,63
Ski Brule,Stambaugh,Michigan,1861,1361,500,150,17,11,150,55
Tussey Mountain Ski and Recreation,State College,Pennsylvania,1750,1230,520,38,7,3,41,62
Marble Mountain Ski Resort,Steady Brook,Newfoundland and Labrador,1791,33,1759,230,40,5,192,34
Howelson Hill,Steamboat Springs,Colorado,7136,6696,440,50,17,4,150,30
Steamboat Springs ,Steamboat Springs,Colorado,10568,6900,3668,2956,165,16,349,155
Stevens Pass ,Stevens Pass,Washington,5845,4061,1800,1125,37,10,450,111
Stowe Mountain Resort,Stowe,Vermont,3719,1559,2160,485,116,13,333,139
Sun Valley,Sun Valley,Idaho,9150,5750,3400,2154,121,18,220,133
Mont Du Lac Resort,Superior,Wisconsin,920,640,270,10,11,2,55,40
Sipapu,Taos,New Mexico,9225,8200,1055,200,41,6,190,45
Taos Ski Valley ,Taos,New Mexico,12481,9200,3281,1294,110,14,300,110
Wild Mountain,Taylors Falls,Minnesota,1113,813,300,100,26,9,50,56
Telluride Ski Resort,Telluride,Colorado,13150,8725,4425,2000,147,18,309,149
Meadowlark Ski Lodge,Ten Sleep,Wyoming,9500,8500,1000,300,14,3,186,48
Shames Mountain,Terrace,British Columbia,3900,2300,1600,225,28,3,480,43
Jackson Hole Mountain Resort,Teton Village,Wyoming,10450,6311,4139,2500,133,15,459,140
Crystal Mountain,Thompsonville,Michigan,1132,757,375,102,58,8,132,74
Buckhorn Ski and Snowboard Club,Three Points,California,7903,7203,680,40,5,2,180,63
Mount Waterman,Three Points,California,8030,7000,1030,150,27,3,180,60
Spout Springs,Tollgate,Oregon,5450,4920,530,200,17,2,130,63
Sitzmark Lifts,Tonasket,Washington,4950,4300,650,670,11,2,186,45
Hickory Hills Ski Area,Traverse City,Michigan,4484,3277,237,125,8,5,186,25
Mount Holiday Ski and Recreational Area,Traverse City,Michigan,440,240,200,45,12,4,120,34
Northstar California,Truckee,California,8610,6330,2280,2904,93,19,350,169
Squaw Valley-Alpine Meadows ,Truckee,California,9050,6200,2850,6400,277,43,450,169
Tahoe Donner,Truckee,California,7350,6750,600,120,10,3,400,94
Labrador Mountain,Truxton,New York,1825,1125,700,250,23,4,125,61
Mount Lemmon Ski Valley,Tucson,Arizona,9157,8200,957,200,21,3,180,60
Song Mountain Resort,Tully,New York,1940,1240,700,93,24,5,125,61
Big Tupper Ski Area,Tupper Lake,New York,4484,3277,1178,670,43,7,186,63
Snow Ridge Ski Resort,Turin,New York,2000,1350,650,130,21,6,230,48
Sierra-at-Tahoe,Twin Bridges,California,8852,6640,2212,2000,46,12,480,110
Magic Mountain,Twin Falls,Idaho,7240,6540,700,120,11,4,230,33
Loup Loup Ski Bowl,Twisp,Washington,5280,4040,1240,550,10,3,150,55
Denton Hill State Park,Ulysses,Pennsylvania,2460,1800,660,670,43,5,186,63
Whitecap Mountains Resort,Upson,Wisconsin,1750,1295,400,400,43,5,200,65
Vail Ski Resort,Vail,Colorado,11570,8120,3450,5289,195,31,354,209
Mountain Creek,Vernon,New Jersey,1490,450,1040,167,46,9,65,80
Silver Star Mountain Resort ,Vernon,British Columbia,6282,3789,2500,3269,128,12,275,81
Mountain Creek,Vernon Township,New Jersey,1480,440,1040,200,41,8,65,80
Greek Peak Mountain Resort,Virgil,New York,2200,1148,952,220,55,9,122,79
Coffee Mill Ski Area,Wabasha,Minnesota,1150,725,425,40,14,3,48,37
Mad River Glen,Waitsfield,Vermont,3637,1600,2037,115,52,5,230,79
Frost Fire,Walhalla,North Dakota,1400,1070,330,670,10,3,186,23
Sugarbush Resort,Warren,Vermont,4083,1483,2600,508,111,16,269,128
Mount Peter,Warwick,New York,1250,800,450,69,14,5,50,62
Bolton Valley ,Waterbury,Vermont,3150,2100,1704,300,71,6,312,69
Mount Southington,Waterbury,Connecticut,525,100,425,51,14,7,80,62
Dry Hill Ski Area,Watertown,New York,950,650,300,37,7,3,125,38
Badger Mountain,Waterville,Washington,3470,3145,325,10,5,3,120,10
Eaton Mountain,Waterville,Maine,840,220,620,130,18,2,72,15
Waterville Valley Resort,Waterville Valley,New Hampshire,3840,1820,2020,220,50,11,150,69
Granite Peak Ski Area,Wausau,Wisconsin,1950,1250,700,220,75,7,75,49
Mission Ridge,Wenatchee,Washington,6820,4570,2250,2000,36,6,200,75
Ski Wentworth,Wentworth,Nova Scotia,990,715,815,150,20,3,150,35
Sunburst Winter Sports Park,West Bend,Wisconsin,1100,866,214,40,12,9,50,44
Cypress Mountain ,West Vancouver,British Columbia,4724,2985,2001,600,53,6,245,60
Snow Creek,Weston,Missouri,1099,799,300,25,12,5,20,47
Oglebay Resort,Wheeling,West Virginia,4484,3277,168,670,1,1,186,28
Whistler Blackcomb ,Whistler,British Columbia,7494,2140,5280,8171,200,26,404,93
Jack Frost - Big Boulder Ski Area,White Haven,Pennsylvania,2000,1400,600,145,35,22,50,68
Alpine Valley,White Lake,Michigan,500,126,374,100,25,14,20,48
Mount Sima,Whitehorse,Yukon,3900,2857,1043,92,15,3,186,37
Nordic Mountain,Wild Rose,Wisconsin,1137,872,265,60,18,7,80,39
Hidden Valley,Wildwood,Missouri,860,540,320,65,17,9,19,49
Elk Ridge,Williams,Arizona,8150,7500,650,37,10,2,150,40
Wilmot Mountain Ski Resort,Wilmot,Wisconsin,960,770,190,120,23,11,48,65
Windham Mountain,Windham,New York,3100,1500,1600,279,52,12,100,98
Stratton Mountain Resort ,Winhall,Vermont,3875,1872,2003,670,99,11,171,125
Winter Park Resort,Winter Park,Colorado,12060,9000,3060,3000,143,25,365,109
Christmas Mountain,Wisconsin Dells,Wisconsin,1250,1000,250,40,16,3,20,45
Alta Sierra,Wofford Heights,California,7091,6491,600,670,6,2,80,65
Abenaki Ski Area,Wolfeboro,New Hampshire,815,600,215,18,7,2,186,25
Wachusett Mountain,Worcester,Massachusetts,2006,1006,1000,110,22,7,100,73
Mountain High,Wrightwood,California,8200,6600,1600,290,59,13,132,79
White Pass,Yakima,Washington,6500,4500,2000,1400,45,8,350,69
Badger Pass,Yosemite National Park,California,8000,7200,800,90,10,5,300,59
